{
	"kind" : "Listing",
	"data" : {
		"modhash" : "",
		"children" : [{
				"kind" : "t3",
				"data" : {
					"contest_mode" : false,
					"subreddit_name_prefixed" : "r/todayilearned",
					"banned_by" : null,
					"media_embed" : {},
					"thumbnail_width" : 140,
					"subreddit" : "todayilearned",
					"selftext_html" : null,
					"selftext" : "",
					"likes" : null,
					"suggested_sort" : null,
					"user_reports" : [],
					"secure_media" : null,
					"link_flair_text" : null,
					"id" : "6hccii",
					"view_count" : null,
					"secure_media_embed" : {},
					"clicked" : false,
					"report_reasons" : null,
					"author" : "coffeeinvenice",
					"saved" : false,
					"mod_reports" : [],
					"name" : "t3_6hccii",
					"score" : 27172,
					"approved_by" : null,
					"over_18" : false,
					"domain" : "en.wikipedia.org",
					"hidden" : false,
					"preview" : {
						"images" : [{
								"source" : {
									"url" : "https://i.redditmedia.com/AHavgDmlHfZPyn2n9_KpeLdVj3Do1aQ1T7m5KcgEDr4.jpg?s=9d1a94323a6c0252a767513e70f46560",
									"width" : 205,
									"height" : 265
								},
								"resolutions" : [{
										"url" : "https://i.redditmedia.com/AHavgDmlHfZPyn2n9_KpeLdVj3Do1aQ1T7m5KcgEDr4.jpg?fit=crop&amp;crop=faces%2Centropy&amp;arh=2&amp;w=108&amp;s=78d8123657110b262219ef4ae48f51dc",
										"width" : 108,
										"height" : 139
									}
								],
								"variants" : {},
								"id" : "pWtvnfQ0YpVeGKSXfEA4wFLZJuvs56YejiBipmY5VLg"
							}
						],
						"enabled" : false
					},
					"thumbnail" : "https://a.thumbs.redditmedia.com/Vl0AN9WrIsoDGJR2EdICqZ_qY1WibCTUsRTxBm4QED8.jpg",
					"subreddit_id" : "t5_2qqjc",
					"edited" : false,
					"link_flair_css_class" : null,
					"author_flair_css_class" : null,
					"gilded" : 0,
					"downs" : 0,
					"brand_safe" : true,
					"archived" : false,
					"removal_reason" : null,
					"post_hint" : "link",
					"can_gild" : false,
					"thumbnail_height" : 140,
					"hide_score" : false,
					"spoiler" : false,
					"permalink" : "/r/todayilearned/comments/6hccii/til_in_baseball_a_lefthanded_specialist_is_a/",
					"num_reports" : null,
					"locked" : false,
					"stickied" : false,
					"created" : 1497523626.0,
					"url" : "https://en.wikipedia.org/wiki/Left-handed_specialist",
					"author_flair_text" : null,
					"quarantine" : false,
					"title" : "TIL in baseball, a left-handed specialist is a relief pitcher who throws left-handed and specializes in pitching to left-handed batters. They frequently enjoy long careers since their pitching arm suffers less stress.",
					"created_utc" : 1497494826.0,
					"distinguished" : null,
					"media" : null,
					"num_comments" : 896,
					"is_self" : false,
					"visited" : false,
					"subreddit_type" : "public",
					"is_video" : false,
					"ups" : 27172
				}
			}, {
				"kind" : "t3",
				"data" : {
					"contest_mode" : false,
					"subreddit_name_prefixed" : "r/todayilearned",
					"banned_by" : null,
					"media_embed" : {},
					"thumbnail_width" : 140,
					"subreddit" : "todayilearned",
					"selftext_html" : null,
					"selftext" : "",
					"likes" : null,
					"suggested_sort" : null,
					"user_reports" : [],
					"secure_media" : null,
					"link_flair_text" : null,
					"id" : "6h9lp8",
					"view_count" : null,
					"secure_media_embed" : {},
					"clicked" : false,
					"report_reasons" : null,
					"author" : "EgoVermin",
					"saved" : false,
					"mod_reports" : [],
					"name" : "t3_6h9lp8",
					"score" : 14604,
					"approved_by" : null,
					"over_18" : false,
					"domain" : "en.wikipedia.org",
					"hidden" : false,
					"preview" : {
						"images" : [{
								"source" : {
									"url" : "https://i.redditmedia.com/7QeSwWm20bQVSLNK18_fNXV5hHzeZw1cR9QjGGcdFnQ.jpg?s=df4eba16fd334b8cc10ca4b5a6654d6d",
									"width" : 1200,
									"height" : 960
								},
								"resolutions" : [{
										"url" : "https://i.redditmedia.com/7QeSwWm20bQVSLNK18_fNXV5hHzeZw1cR9QjGGcdFnQ.jpg?fit=crop&amp;crop=faces%2Centropy&amp;arh=2&amp;w=108&amp;s=80d47a58b29c41a5798b77d119d59f27",
										"width" : 108,
										"height" : 86
									}, {
										"url" : "https://i.redditmedia.com/7QeSwWm20bQVSLNK18_fNXV5hHzeZw1cR9QjGGcdFnQ.jpg?fit=crop&amp;crop=faces%2Centropy&amp;arh=2&amp;w=216&amp;s=6c5b6d64050d612e209cdff369afebbc",
										"width" : 216,
										"height" : 172
									}, {
										"url" : "https://i.redditmedia.com/7QeSwWm20bQVSLNK18_fNXV5hHzeZw1cR9QjGGcdFnQ.jpg?fit=crop&amp;crop=faces%2Centropy&amp;arh=2&amp;w=320&amp;s=6f4ee6c69042d5e9e81b3741afcf58c0",
										"width" : 320,
										"height" : 256
									}, {
										"url" : "https://i.redditmedia.com/7QeSwWm20bQVSLNK18_fNXV5hHzeZw1cR9QjGGcdFnQ.jpg?fit=crop&amp;crop=faces%2Centropy&amp;arh=2&amp;w=640&amp;s=db0653ad66c102c2058bc40cfd98975a",
										"width" : 640,
										"height" : 512
									}, {
										"url" : "https://i.redditmedia.com/7QeSwWm20bQVSLNK18_fNXV5hHzeZw1cR9QjGGcdFnQ.jpg?fit=crop&amp;crop=faces%2Centropy&amp;arh=2&amp;w=960&amp;s=2354a611c541fb07caee591c6ef82d24",
										"width" : 960,
										"height" : 768
									}, {
										"url" : "https://i.redditmedia.com/7QeSwWm20bQVSLNK18_fNXV5hHzeZw1cR9QjGGcdFnQ.jpg?fit=crop&amp;crop=faces%2Centropy&amp;arh=2&amp;w=1080&amp;s=03b6a92b150dcb9c80a5cdedef173c93",
										"width" : 1080,
										"height" : 864
									}
								],
								"variants" : {},
								"id" : "LfXvlHFu-0u0PLf0ilhLQ7uYlcO-HomWrYFuv05ReUY"
							}
						],
						"enabled" : false
					},
					"thumbnail" : "https://b.thumbs.redditmedia.com/ezpSJIy5Akj-SLh1YHAXajeYEhXn0ULbXcSiVQWK1vE.jpg",
					"subreddit_id" : "t5_2qqjc",
					"edited" : false,
					"link_flair_css_class" : null,
					"author_flair_css_class" : null,
					"gilded" : 1,
					"downs" : 0,
					"brand_safe" : true,
					"archived" : false,
					"removal_reason" : null,
					"post_hint" : "link",
					"can_gild" : false,
					"thumbnail_height" : 112,
					"hide_score" : false,
					"spoiler" : false,
					"permalink" : "/r/todayilearned/comments/6h9lp8/til_that_the_longest_unbroken_alliance_in_world/",
					"num_reports" : null,
					"locked" : false,
					"stickied" : false,
					"created" : 1497495347.0,
					"url" : "https://en.wikipedia.org/wiki/Anglo-Portuguese_Alliance",
					"author_flair_text" : null,
					"quarantine" : false,
					"title" : "TIL that the longest unbroken alliance in world history is between England and Portugal; it has been going for 631 years and still stands today.",
					"created_utc" : 1497466547.0,
					"distinguished" : null,
					"media" : null,
					"num_comments" : 331,
					"is_self" : false,
					"visited" : false,
					"subreddit_type" : "public",
					"is_video" : false,
					"ups" : 14604
				}
			}, {
				"kind" : "t3",
				"data" : {
					"contest_mode" : false,
					"subreddit_name_prefixed" : "r/todayilearned",
					"banned_by" : null,
					"media_embed" : {},
					"thumbnail_width" : 140,
					"subreddit" : "todayilearned",
					"selftext_html" : null,
					"selftext" : "",
					"likes" : null,
					"suggested_sort" : null,
					"user_reports" : [],
					"secure_media" : null,
					"link_flair_text" : null,
					"id" : "6hb3om",
					"view_count" : null,
					"secure_media_embed" : {},
					"clicked" : false,
					"report_reasons" : null,
					"author" : "Pashton86",
					"saved" : false,
					"mod_reports" : [],
					"name" : "t3_6hb3om",
					"score" : 2399,
					"approved_by" : null,
					"over_18" : false,
					"domain" : "telegraph.co.uk",
					"hidden" : false,
					"preview" : {
						"images" : [{
								"source" : {
									"url" : "https://i.redditmedia.com/KOWPhl9JERLnFsj7qgcOsmgFsKbD1l7QO6MOaJ5hgW4.jpg?s=7bc3dc0c3749bde7e07e3d85bebeca7c",
									"width" : 460,
									"height" : 288
								},
								"resolutions" : [{
										"url" : "https://i.redditmedia.com/KOWPhl9JERLnFsj7qgcOsmgFsKbD1l7QO6MOaJ5hgW4.jpg?fit=crop&amp;crop=faces%2Centropy&amp;arh=2&amp;w=108&amp;s=ceb840f72d4c14b021c5901cb9665074",
										"width" : 108,
										"height" : 67
									}, {
										"url" : "https://i.redditmedia.com/KOWPhl9JERLnFsj7qgcOsmgFsKbD1l7QO6MOaJ5hgW4.jpg?fit=crop&amp;crop=faces%2Centropy&amp;arh=2&amp;w=216&amp;s=6339efbc7d426845870a06fc737dc452",
										"width" : 216,
										"height" : 135
									}, {
										"url" : "https://i.redditmedia.com/KOWPhl9JERLnFsj7qgcOsmgFsKbD1l7QO6MOaJ5hgW4.jpg?fit=crop&amp;crop=faces%2Centropy&amp;arh=2&amp;w=320&amp;s=c44fa9b80b851e2dba2d6136225f8218",
										"width" : 320,
										"height" : 200
									}
								],
								"variants" : {},
								"id" : "WKd9Ay1sWCTOzdEKynhMqVxIzJ-gIKKBaAiypRlfESA"
							}
						],
						"enabled" : false
					},
					"thumbnail" : "https://b.thumbs.redditmedia.com/LQJamA_WhIhWenjw58KFjmkZYO-nv0zqQE4SDxnYH-s.jpg",
					"subreddit_id" : "t5_2qqjc",
					"edited" : false,
					"link_flair_css_class" : null,
					"author_flair_css_class" : null,
					"gilded" : 0,
					"downs" : 0,
					"brand_safe" : true,
					"archived" : false,
					"removal_reason" : null,
					"post_hint" : "link",
					"can_gild" : false,
					"thumbnail_height" : 87,
					"hide_score" : false,
					"spoiler" : false,
					"permalink" : "/r/todayilearned/comments/6hb3om/til_that_lord_byrons_nickname_for_william/",
					"num_reports" : null,
					"locked" : false,
					"stickied" : false,
					"created" : 1497509598.0,
					"url" : "http://www.telegraph.co.uk/culture/culturenews/6238447/Letters-from-Lord-Byron-hit-out-at-fellow-writer-William-Turdsworth.html",
					"author_flair_text" : null,
					"quarantine" : false,
					"title" : "TIL that Lord Byron's nickname for William Wordsworth was William Turdsworth",
					"created_utc" : 1497480798.0,
					"distinguished" : null,
					"media" : null,
					"num_comments" : 67,
					"is_self" : false,
					"visited" : false,
					"subreddit_type" : "public",
					"is_video" : false,
					"ups" : 2399
				}
			}, {
				"kind" : "t3",
				"data" : {
					"contest_mode" : false,
					"subreddit_name_prefixed" : "r/todayilearned",
					"banned_by" : null,
					"media_embed" : {},
					"thumbnail_width" : 140,
					"subreddit" : "todayilearned",
					"selftext_html" : null,
					"selftext" : "",
					"likes" : null,
					"suggested_sort" : null,
					"user_reports" : [],
					"secure_media" : null,
					"link_flair_text" : null,
					"id" : "6h8n2q",
					"view_count" : null,
					"secure_media_embed" : {},
					"clicked" : false,
					"report_reasons" : null,
					"author" : "kinokokoro",
					"saved" : false,
					"mod_reports" : [],
					"name" : "t3_6h8n2q",
					"score" : 38003,
					"approved_by" : null,
					"over_18" : false,
					"domain" : "odditycentral.com",
					"hidden" : false,
					"preview" : {
						"images" : [{
								"source" : {
									"url" : "https://i.redditmedia.com/vZmEeIe3EoGtlRxRYdQOtccfU_jDgDjqMJN-n9e26iQ.jpg?s=1d3bd29ac9b9c64cf91601264e526414",
									"width" : 550,
									"height" : 461
								},
								"resolutions" : [{
										"url" : "https://i.redditmedia.com/vZmEeIe3EoGtlRxRYdQOtccfU_jDgDjqMJN-n9e26iQ.jpg?fit=crop&amp;crop=faces%2Centropy&amp;arh=2&amp;w=108&amp;s=4c9f64fef140ab9e68d7c170304bb476",
										"width" : 108,
										"height" : 90
									}, {
										"url" : "https://i.redditmedia.com/vZmEeIe3EoGtlRxRYdQOtccfU_jDgDjqMJN-n9e26iQ.jpg?fit=crop&amp;crop=faces%2Centropy&amp;arh=2&amp;w=216&amp;s=263938341b9218f47d0052785c39d0c3",
										"width" : 216,
										"height" : 181
									}, {
										"url" : "https://i.redditmedia.com/vZmEeIe3EoGtlRxRYdQOtccfU_jDgDjqMJN-n9e26iQ.jpg?fit=crop&amp;crop=faces%2Centropy&amp;arh=2&amp;w=320&amp;s=e8f87eca3a81197e1b72190575de2d38",
										"width" : 320,
										"height" : 268
									}
								],
								"variants" : {},
								"id" : "T2qWtiyANTkZf-dpAwQf6IlTxl-1my87qfunZATqxyE"
							}
						],
						"enabled" : false
					},
					"thumbnail" : "https://b.thumbs.redditmedia.com/wyISOhtK1uDT4QAVtXjFCghosihGdwtRgH7xQ9t4U_M.jpg",
					"subreddit_id" : "t5_2qqjc",
					"edited" : false,
					"link_flair_css_class" : null,
					"author_flair_css_class" : null,
					"gilded" : 0,
					"downs" : 0,
					"brand_safe" : true,
					"archived" : false,
					"removal_reason" : null,
					"post_hint" : "link",
					"can_gild" : false,
					"thumbnail_height" : 117,
					"hide_score" : false,
					"spoiler" : false,
					"permalink" : "/r/todayilearned/comments/6h8n2q/til_that_shops_in_japan_place_orange_balls_of/",
					"num_reports" : null,
					"locked" : false,
					"stickied" : false,
					"created" : 1497486752.0,
					"url" : "http://www.odditycentral.com/funny/japans-bizarre-anti-crime-orange-balls-a-unique-way-to-stop-crime.html",
					"author_flair_text" : null,
					"quarantine" : false,
					"title" : "TIL that shops in Japan place orange balls of paint near the register as an anti-crime device. The staff throws the ball at the criminal, which explodes on impact and stains the criminal with distinctive orange paint for the police to easily identify.",
					"created_utc" : 1497457952.0,
					"distinguished" : null,
					"media" : null,
					"num_comments" : 1918,
					"is_self" : false,
					"visited" : false,
					"subreddit_type" : "public",
					"is_video" : false,
					"ups" : 38003
				}
			}, {
				"kind" : "t3",
				"data" : {
					"contest_mode" : false,
					"subreddit_name_prefixed" : "r/todayilearned",
					"banned_by" : null,
					"media_embed" : {},
					"thumbnail_width" : 140,
					"subreddit" : "todayilearned",
					"selftext_html" : null,
					"selftext" : "",
					"likes" : null,
					"suggested_sort" : null,
					"user_reports" : [],
					"secure_media" : null,
					"link_flair_text" : null,
					"id" : "6hbmks",
					"view_count" : null,
					"secure_media_embed" : {},
					"clicked" : false,
					"report_reasons" : null,
					"author" : "redsthename",
					"saved" : false,
					"mod_reports" : [],
					"name" : "t3_6hbmks",
					"score" : 1650,
					"approved_by" : null,
					"over_18" : false,
					"domain" : "farmersalmanac.com",
					"hidden" : false,
					"preview" : {
						"images" : [{
								"source" : {
									"url" : "https://i.redditmedia.com/NqglKiL55VViAb7y9nkm4Zlj5aUT8TVFj5rr2nZ7fbY.jpg?s=5e0e52996942c539a552b1369ed80f7c",
									"width" : 1800,
									"height" : 1000
								},
								"resolutions" : [{
										"url" : "https://i.redditmedia.com/NqglKiL55VViAb7y9nkm4Zlj5aUT8TVFj5rr2nZ7fbY.jpg?fit=crop&amp;crop=faces%2Centropy&amp;arh=2&amp;w=108&amp;s=1cedded0832b45be68b3c9fa5a482f74",
										"width" : 108,
										"height" : 60
									}, {
										"url" : "https://i.redditmedia.com/NqglKiL55VViAb7y9nkm4Zlj5aUT8TVFj5rr2nZ7fbY.jpg?fit=crop&amp;crop=faces%2Centropy&amp;arh=2&amp;w=216&amp;s=e066b4cb7fa9bb5d9e3c18c2e5e5fb27",
										"width" : 216,
										"height" : 120
									}, {
										"url" : "https://i.redditmedia.com/NqglKiL55VViAb7y9nkm4Zlj5aUT8TVFj5rr2nZ7fbY.jpg?fit=crop&amp;crop=faces%2Centropy&amp;arh=2&amp;w=320&amp;s=351a18efb371381ad22bdd9d9a3a14ad",
										"width" : 320,
										"height" : 177
									}, {
										"url" : "https://i.redditmedia.com/NqglKiL55VViAb7y9nkm4Zlj5aUT8TVFj5rr2nZ7fbY.jpg?fit=crop&amp;crop=faces%2Centropy&amp;arh=2&amp;w=640&amp;s=4791e0d600f88b0e2159ae2a326c4bc3",
										"width" : 640,
										"height" : 355
									}, {
										"url" : "https://i.redditmedia.com/NqglKiL55VViAb7y9nkm4Zlj5aUT8TVFj5rr2nZ7fbY.jpg?fit=crop&amp;crop=faces%2Centropy&amp;arh=2&amp;w=960&amp;s=04ca9dc0c55d4f068ce19ab3470c1455",
										"width" : 960,
										"height" : 533
									}, {
										"url" : "https://i.redditmedia.com/NqglKiL55VViAb7y9nkm4Zlj5aUT8TVFj5rr2nZ7fbY.jpg?fit=crop&amp;crop=faces%2Centropy&amp;arh=2&amp;w=1080&amp;s=491fb44dde7093a1010bde199992a822",
										"width" : 1080,
										"height" : 600
									}
								],
								"variants" : {},
								"id" : "VX2PmYZGJSSIc7xVD4RYWJGd2oleoy6yheIq1IYJWCU"
							}
						],
						"enabled" : false
					},
					"thumbnail" : "https://b.thumbs.redditmedia.com/p3-ftv56C4Qq4drTg6yg8u1DEYYcWHZcs-hHZboFQ9o.jpg",
					"subreddit_id" : "t5_2qqjc",
					"edited" : false,
					"link_flair_css_class" : null,
					"author_flair_css_class" : null,
					"gilded" : 0,
					"downs" : 0,
					"brand_safe" : true,
					"archived" : false,
					"removal_reason" : null,
					"post_hint" : "link",
					"can_gild" : false,
					"thumbnail_height" : 77,
					"hide_score" : false,
					"spoiler" : false,
					"permalink" : "/r/todayilearned/comments/6hbmks/til_barns_were_traditionally_red_because_farmers/",
					"num_reports" : null,
					"locked" : false,
					"stickied" : false,
					"created" : 1497515117.0,
					"url" : "https://farmersalmanac.com/blog/2008/09/16/why-are-barns-painted-red/",
					"author_flair_text" : null,
					"quarantine" : false,
					"title" : "TIL barns were traditionally red because farmers mixed rust with their diy sealant mixture to resist fungus and moss, turning the mixture red",
					"created_utc" : 1497486317.0,
					"distinguished" : null,
					"media" : null,
					"num_comments" : 56,
					"is_self" : false,
					"visited" : false,
					"subreddit_type" : "public",
					"is_video" : false,
					"ups" : 1650
				}
			}, {
				"kind" : "t3",
				"data" : {
					"contest_mode" : false,
					"subreddit_name_prefixed" : "r/todayilearned",
					"banned_by" : null,
					"media_embed" : {},
					"thumbnail_width" : 140,
					"subreddit" : "todayilearned",
					"selftext_html" : null,
					"selftext" : "",
					"likes" : null,
					"suggested_sort" : null,
					"user_reports" : [],
					"secure_media" : null,
					"link_flair_text" : null,
					"id" : "6hbooy",
					"view_count" : null,
					"secure_media_embed" : {},
					"clicked" : false,
					"report_reasons" : null,
					"author" : "user2718",
					"saved" : false,
					"mod_reports" : [],
					"name" : "t3_6hbooy",
					"score" : 1464,
					"approved_by" : null,
					"over_18" : false,
					"domain" : "en.wikipedia.org",
					"hidden" : false,
					"preview" : {
						"images" : [{
								"source" : {
									"url" : "https://i.redditmedia.com/dncYnonzCDaic38RdThYhVkLFoVWsNsM5GVa1kZln10.jpg?s=5c569fde0a54eeb0b507a5a8f68df86f",
									"width" : 1200,
									"height" : 1200
								},
								"resolutions" : [{
										"url" : "https://i.redditmedia.com/dncYnonzCDaic38RdThYhVkLFoVWsNsM5GVa1kZln10.jpg?fit=crop&amp;crop=faces%2Centropy&amp;arh=2&amp;w=108&amp;s=d7154c18fe4b3d6e534c91471b53fdb1",
										"width" : 108,
										"height" : 108
									}, {
										"url" : "https://i.redditmedia.com/dncYnonzCDaic38RdThYhVkLFoVWsNsM5GVa1kZln10.jpg?fit=crop&amp;crop=faces%2Centropy&amp;arh=2&amp;w=216&amp;s=6f96adc818d6d6a838383e817907f31c",
										"width" : 216,
										"height" : 216
									}, {
										"url" : "https://i.redditmedia.com/dncYnonzCDaic38RdThYhVkLFoVWsNsM5GVa1kZln10.jpg?fit=crop&amp;crop=faces%2Centropy&amp;arh=2&amp;w=320&amp;s=d4f27d1417904d1245f7ce50b918f26d",
										"width" : 320,
										"height" : 320
									}, {
										"url" : "https://i.redditmedia.com/dncYnonzCDaic38RdThYhVkLFoVWsNsM5GVa1kZln10.jpg?fit=crop&amp;crop=faces%2Centropy&amp;arh=2&amp;w=640&amp;s=9ef72c351c1974c9c43a0b2dcc4edf1f",
										"width" : 640,
										"height" : 640
									}, {
										"url" : "https://i.redditmedia.com/dncYnonzCDaic38RdThYhVkLFoVWsNsM5GVa1kZln10.jpg?fit=crop&amp;crop=faces%2Centropy&amp;arh=2&amp;w=960&amp;s=27f3fe8277b817476b6d6e6635a5f1fb",
										"width" : 960,
										"height" : 960
									}, {
										"url" : "https://i.redditmedia.com/dncYnonzCDaic38RdThYhVkLFoVWsNsM5GVa1kZln10.jpg?fit=crop&amp;crop=faces%2Centropy&amp;arh=2&amp;w=1080&amp;s=3acc5b26c93c654e0175efcb443ce687",
										"width" : 1080,
										"height" : 1080
									}
								],
								"variants" : {},
								"id" : "qZ9H151WMrg8lHW3Tg6n9j6R5K966ABrQagxtDV0JbM"
							}
						],
						"enabled" : false
					},
					"thumbnail" : "https://b.thumbs.redditmedia.com/pcm1lJGm07qki3m0Wgs4WZAGBTIdDyTZfaTTcl4Jo3w.jpg",
					"subreddit_id" : "t5_2qqjc",
					"edited" : false,
					"link_flair_css_class" : null,
					"author_flair_css_class" : null,
					"gilded" : 0,
					"downs" : 0,
					"brand_safe" : true,
					"archived" : false,
					"removal_reason" : null,
					"post_hint" : "link",
					"can_gild" : false,
					"thumbnail_height" : 140,
					"hide_score" : false,
					"spoiler" : false,
					"permalink" : "/r/todayilearned/comments/6hbooy/til_that_all_peppers_used_in_tabasco_sauce_are/",
					"num_reports" : null,
					"locked" : false,
					"stickied" : false,
					"created" : 1497515801.0,
					"url" : "https://en.wikipedia.org/wiki/Tabasco_sauce#Production",
					"author_flair_text" : null,
					"quarantine" : false,
					"title" : "TIL that all peppers used in Tabasco sauce are picked by hand. The pepper pickers compare the color of the peppers to a small red stick; if the colors match, the peppers are ripe and will be used in the sauce production process.",
					"created_utc" : 1497487001.0,
					"distinguished" : null,
					"media" : null,
					"num_comments" : 105,
					"is_self" : false,
					"visited" : false,
					"subreddit_type" : "public",
					"is_video" : false,
					"ups" : 1464
				}
			}, {
				"kind" : "t3",
				"data" : {
					"contest_mode" : false,
					"subreddit_name_prefixed" : "r/todayilearned",
					"banned_by" : null,
					"media_embed" : {},
					"thumbnail_width" : 140,
					"subreddit" : "todayilearned",
					"selftext_html" : null,
					"selftext" : "",
					"likes" : null,
					"suggested_sort" : null,
					"user_reports" : [],
					"secure_media" : null,
					"link_flair_text" : null,
					"id" : "6h9djo",
					"view_count" : null,
					"secure_media_embed" : {},
					"clicked" : false,
					"report_reasons" : null,
					"author" : "bostonredditguy",
					"saved" : false,
					"mod_reports" : [],
					"name" : "t3_6h9djo",
					"score" : 5781,
					"approved_by" : null,
					"over_18" : false,
					"domain" : "inc.com",
					"hidden" : false,
					"preview" : {
						"images" : [{
								"source" : {
									"url" : "https://i.redditmedia.com/-fX54JVkai3uaNapJ9B89giIHNIotiEAxTgRzcViIgk.jpg?s=1dc1efb21b5958b99acd85ba0628a967",
									"width" : 970,
									"height" : 450
								},
								"resolutions" : [{
										"url" : "https://i.redditmedia.com/-fX54JVkai3uaNapJ9B89giIHNIotiEAxTgRzcViIgk.jpg?fit=crop&amp;crop=faces%2Centropy&amp;arh=2&amp;w=108&amp;s=5b085e27fd74797a8645820a839c726b",
										"width" : 108,
										"height" : 50
									}, {
										"url" : "https://i.redditmedia.com/-fX54JVkai3uaNapJ9B89giIHNIotiEAxTgRzcViIgk.jpg?fit=crop&amp;crop=faces%2Centropy&amp;arh=2&amp;w=216&amp;s=252f1b3bba100e0d87b5621157af5ce8",
										"width" : 216,
										"height" : 100
									}, {
										"url" : "https://i.redditmedia.com/-fX54JVkai3uaNapJ9B89giIHNIotiEAxTgRzcViIgk.jpg?fit=crop&amp;crop=faces%2Centropy&amp;arh=2&amp;w=320&amp;s=09ac704f1a4a010968215f5a0b156a19",
										"width" : 320,
										"height" : 148
									}, {
										"url" : "https://i.redditmedia.com/-fX54JVkai3uaNapJ9B89giIHNIotiEAxTgRzcViIgk.jpg?fit=crop&amp;crop=faces%2Centropy&amp;arh=2&amp;w=640&amp;s=e3094f907acebc757de98cc4e4dbb299",
										"width" : 640,
										"height" : 296
									}, {
										"url" : "https://i.redditmedia.com/-fX54JVkai3uaNapJ9B89giIHNIotiEAxTgRzcViIgk.jpg?fit=crop&amp;crop=faces%2Centropy&amp;arh=2&amp;w=960&amp;s=021679b60b5671cc4a6aa72a041f6ad5",
										"width" : 960,
										"height" : 445
									}
								],
								"variants" : {},
								"id" : "DjddKqi8I_jscfG2gG176P5idHGAqff5HDNL-G-z3EQ"
							}
						],
						"enabled" : false
					},
					"thumbnail" : "https://b.thumbs.redditmedia.com/W6ihq_YXoknwnG_eHsG5PeiCJMPyGwVRB7oCJAlePHE.jpg",
					"subreddit_id" : "t5_2qqjc",
					"edited" : false,
					"link_flair_css_class" : null,
					"author_flair_css_class" : null,
					"gilded" : 0,
					"downs" : 0,
					"brand_safe" : true,
					"archived" : false,
					"removal_reason" : null,
					"post_hint" : "link",
					"can_gild" : false,
					"thumbnail_height" : 64,
					"hide_score" : false,
					"spoiler" : false,
					"permalink" : "/r/todayilearned/comments/6h9djo/til_when_the_pentagon_called_one_the_original/",
					"num_reports" : null,
					"locked" : false,
					"stickied" : false,
					"created" : 1497493331.0,
					"url" : "https://www.inc.com/magazine/20100401/jerry-murrell-five-guys-burgers-and-fries.html",
					"author_flair_text" : null,
					"quarantine" : false,
					"title" : "TIL when the Pentagon called one the original Five Guys Burgers and Fries restaurants requesting delivery service, one of the founders (Jerry Murrell) declined to bend the rules for their request and instead ordered a 22-foot-long banner that said 'ABSOLUTELY NO DELIVERY.'",
					"created_utc" : 1497464531.0,
					"distinguished" : null,
					"media" : null,
					"num_comments" : 454,
					"is_self" : false,
					"visited" : false,
					"subreddit_type" : "public",
					"is_video" : false,
					"ups" : 5781
				}
			}, {
				"kind" : "t3",
				"data" : {
					"contest_mode" : false,
					"subreddit_name_prefixed" : "r/todayilearned",
					"banned_by" : null,
					"media_embed" : {},
					"thumbnail_width" : 140,
					"subreddit" : "todayilearned",
					"selftext_html" : null,
					"selftext" : "",
					"likes" : null,
					"suggested_sort" : null,
					"user_reports" : [],
					"secure_media" : null,
					"link_flair_text" : null,
					"id" : "6h8bsk",
					"view_count" : null,
					"secure_media_embed" : {},
					"clicked" : false,
					"report_reasons" : null,
					"author" : "dekker44",
					"saved" : false,
					"mod_reports" : [],
					"name" : "t3_6h8bsk",
					"score" : 11392,
					"approved_by" : null,
					"over_18" : false,
					"domain" : "atlasobscura.com",
					"hidden" : false,
					"preview" : {
						"images" : [{
								"source" : {
									"url" : "https://i.redditmedia.com/EZMzNDhGTKYWQs7ikot8X4JMDRRAYxuLOvuIH6dpO90.jpg?s=f57d2a2e524115da61ba681be2195bcc",
									"width" : 600,
									"height" : 360
								},
								"resolutions" : [{
										"url" : "https://i.redditmedia.com/EZMzNDhGTKYWQs7ikot8X4JMDRRAYxuLOvuIH6dpO90.jpg?fit=crop&amp;crop=faces%2Centropy&amp;arh=2&amp;w=108&amp;s=49cbeef9c64b4237a42b69eca4e7ec6f",
										"width" : 108,
										"height" : 64
									}, {
										"url" : "https://i.redditmedia.com/EZMzNDhGTKYWQs7ikot8X4JMDRRAYxuLOvuIH6dpO90.jpg?fit=crop&amp;crop=faces%2Centropy&amp;arh=2&amp;w=216&amp;s=49ddfa5155e92a481bba4dc958c53c39",
										"width" : 216,
										"height" : 129
									}, {
										"url" : "https://i.redditmedia.com/EZMzNDhGTKYWQs7ikot8X4JMDRRAYxuLOvuIH6dpO90.jpg?fit=crop&amp;crop=faces%2Centropy&amp;arh=2&amp;w=320&amp;s=30e82c50103beb7291ad8c86e4df973c",
										"width" : 320,
										"height" : 192
									}
								],
								"variants" : {},
								"id" : "m1W5DXXDjmeqn28E_7t3Hl8YEiNpqhlvdPuuCsbxzwI"
							}
						],
						"enabled" : false
					},
					"thumbnail" : "https://b.thumbs.redditmedia.com/DQ-zvr8SmEEVkK6FsW188qToB7g7_hzXlr6u9BQtVzY.jpg",
					"subreddit_id" : "t5_2qqjc",
					"edited" : false,
					"link_flair_css_class" : null,
					"author_flair_css_class" : null,
					"gilded" : 0,
					"downs" : 0,
					"brand_safe" : true,
					"archived" : false,
					"removal_reason" : null,
					"post_hint" : "link",
					"can_gild" : false,
					"thumbnail_height" : 84,
					"hide_score" : false,
					"spoiler" : false,
					"permalink" : "/r/todayilearned/comments/6h8bsk/til_when_an_indian_law_required_bars_to_be_at/",
					"num_reports" : null,
					"locked" : false,
					"stickied" : false,
					"created" : 1497483952.0,
					"url" : "http://www.atlasobscura.com/articles/kerala-bar-labyrinth-maze-law",
					"author_flair_text" : null,
					"quarantine" : false,
					"title" : "TIL when an Indian law required bars to be at least 500m from certain roads, one bar built a maze in front of its entrance to triple the walking distance from the door to the street. Regulators accepted this solution.",
					"created_utc" : 1497455152.0,
					"distinguished" : null,
					"media" : null,
					"num_comments" : 199,
					"is_self" : false,
					"visited" : false,
					"subreddit_type" : "public",
					"is_video" : false,
					"ups" : 11392
				}
			}, {
				"kind" : "t3",
				"data" : {
					"contest_mode" : false,
					"subreddit_name_prefixed" : "r/todayilearned",
					"banned_by" : null,
					"media_embed" : {},
					"thumbnail_width" : null,
					"subreddit" : "todayilearned",
					"selftext_html" : null,
					"selftext" : "",
					"likes" : null,
					"suggested_sort" : null,
					"user_reports" : [],
					"secure_media" : null,
					"link_flair_text" : null,
					"id" : "6heev3",
					"view_count" : null,
					"secure_media_embed" : {},
					"clicked" : false,
					"report_reasons" : null,
					"author" : "BadTripz",
					"saved" : false,
					"mod_reports" : [],
					"name" : "t3_6heev3",
					"score" : 158,
					"approved_by" : null,
					"over_18" : false,
					"domain" : "edition.cnn.com",
					"hidden" : false,
					"thumbnail" : "default",
					"subreddit_id" : "t5_2qqjc",
					"edited" : false,
					"link_flair_css_class" : null,
					"author_flair_css_class" : null,
					"gilded" : 0,
					"downs" : 0,
					"brand_safe" : true,
					"archived" : false,
					"removal_reason" : null,
					"can_gild" : false,
					"thumbnail_height" : null,
					"hide_score" : false,
					"spoiler" : false,
					"permalink" : "/r/todayilearned/comments/6heev3/til_as_part_of_their_bid_for_the_2022_world_cup/",
					"num_reports" : null,
					"locked" : false,
					"stickied" : false,
					"created" : 1497554884.0,
					"url" : "http://edition.cnn.com/2010/TECH/innovation/11/30/japan.world.cup.bid/",
					"author_flair_text" : null,
					"quarantine" : false,
					"title" : "TIL as part of their bid for the 2022 world cup, Japan proposed filming the matches with 200 HD cameras and then project these as life-size holograms in other stadiums around the world.",
					"created_utc" : 1497526084.0,
					"distinguished" : null,
					"media" : null,
					"num_comments" : 25,
					"is_self" : false,
					"visited" : false,
					"subreddit_type" : "public",
					"is_video" : false,
					"ups" : 158
				}
			}, {
				"kind" : "t3",
				"data" : {
					"contest_mode" : false,
					"subreddit_name_prefixed" : "r/todayilearned",
					"banned_by" : null,
					"media_embed" : {},
					"thumbnail_width" : 140,
					"subreddit" : "todayilearned",
					"selftext_html" : null,
					"selftext" : "",
					"likes" : null,
					"suggested_sort" : null,
					"user_reports" : [],
					"secure_media" : null,
					"link_flair_text" : null,
					"id" : "6hc5qt",
					"view_count" : null,
					"secure_media_embed" : {},
					"clicked" : false,
					"report_reasons" : null,
					"author" : "maddenmcfadden",
					"saved" : false,
					"mod_reports" : [],
					"name" : "t3_6hc5qt",
					"score" : 721,
					"approved_by" : null,
					"over_18" : false,
					"domain" : "macworld.co.uk",
					"hidden" : false,
					"preview" : {
						"images" : [{
								"source" : {
									"url" : "https://i.redditmedia.com/OCHwl_0g6Ev8LKMnZIX12_cc49cT2yNt-wINECX2iAI.jpg?s=7b7ed2332420a5f6f079f2c3353afba1",
									"width" : 800,
									"height" : 450
								},
								"resolutions" : [{
										"url" : "https://i.redditmedia.com/OCHwl_0g6Ev8LKMnZIX12_cc49cT2yNt-wINECX2iAI.jpg?fit=crop&amp;crop=faces%2Centropy&amp;arh=2&amp;w=108&amp;s=b3eca177db969767473e139b8dea69c7",
										"width" : 108,
										"height" : 60
									}, {
										"url" : "https://i.redditmedia.com/OCHwl_0g6Ev8LKMnZIX12_cc49cT2yNt-wINECX2iAI.jpg?fit=crop&amp;crop=faces%2Centropy&amp;arh=2&amp;w=216&amp;s=8473f6f30e99a5881f5b03dede90e0a3",
										"width" : 216,
										"height" : 121
									}, {
										"url" : "https://i.redditmedia.com/OCHwl_0g6Ev8LKMnZIX12_cc49cT2yNt-wINECX2iAI.jpg?fit=crop&amp;crop=faces%2Centropy&amp;arh=2&amp;w=320&amp;s=f7764615b0a9a920b296ff1c0f747ed5",
										"width" : 320,
										"height" : 180
									}, {
										"url" : "https://i.redditmedia.com/OCHwl_0g6Ev8LKMnZIX12_cc49cT2yNt-wINECX2iAI.jpg?fit=crop&amp;crop=faces%2Centropy&amp;arh=2&amp;w=640&amp;s=671c65c9a1081f785f6354d8484b47ff",
										"width" : 640,
										"height" : 360
									}
								],
								"variants" : {},
								"id" : "M9NPA-jViOtLlkYcbOwhWkACbDzeq8AqtPNTi9yJfxA"
							}
						],
						"enabled" : false
					},
					"thumbnail" : "https://b.thumbs.redditmedia.com/sQq5MuDOLmlaFSdODllYd7OcZtz9SATF0WcODtppmvA.jpg",
					"subreddit_id" : "t5_2qqjc",
					"edited" : false,
					"link_flair_css_class" : null,
					"author_flair_css_class" : null,
					"gilded" : 0,
					"downs" : 0,
					"brand_safe" : true,
					"archived" : false,
					"removal_reason" : null,
					"post_hint" : "link",
					"can_gild" : false,
					"thumbnail_height" : 78,
					"hide_score" : false,
					"spoiler" : false,
					"permalink" : "/r/todayilearned/comments/6hc5qt/today_i_learned_that_forrest_gumps_networth_would/",
					"num_reports" : null,
					"locked" : false,
					"stickied" : false,
					"created" : 1497521316.0,
					"url" : "http://www.macworld.co.uk/news/apple/how-much-would-forrest-gumps-apple-stock-be-worth-today-3370113/",
					"author_flair_text" : null,
					"quarantine" : false,
					"title" : "Today I learned that Forrest Gump's networth would be 7 billion dollars due to his initial investment in Apple Computers",
					"created_utc" : 1497492516.0,
					"distinguished" : null,
					"media" : null,
					"num_comments" : 27,
					"is_self" : false,
					"visited" : false,
					"subreddit_type" : "public",
					"is_video" : false,
					"ups" : 721
				}
			}, {
				"kind" : "t3",
				"data" : {
					"contest_mode" : false,
					"subreddit_name_prefixed" : "r/todayilearned",
					"banned_by" : null,
					"media_embed" : {},
					"thumbnail_width" : 140,
					"subreddit" : "todayilearned",
					"selftext_html" : null,
					"selftext" : "",
					"likes" : null,
					"suggested_sort" : null,
					"user_reports" : [],
					"secure_media" : null,
					"link_flair_text" : null,
					"id" : "6h89gv",
					"view_count" : null,
					"secure_media_embed" : {},
					"clicked" : false,
					"report_reasons" : null,
					"author" : "wisdum",
					"saved" : false,
					"mod_reports" : [],
					"name" : "t3_6h89gv",
					"score" : 6799,
					"approved_by" : null,
					"over_18" : false,
					"domain" : "gatesnotes.com",
					"hidden" : false,
					"preview" : {
						"images" : [{
								"source" : {
									"url" : "https://i.redditmedia.com/J5uP6hOCvr9vuVIKf6KDGOju57spvfSRQTxhS57Kv-I.jpg?s=be96a9d5b99a820a6abf34326781fac2",
									"width" : 800,
									"height" : 419
								},
								"resolutions" : [{
										"url" : "https://i.redditmedia.com/J5uP6hOCvr9vuVIKf6KDGOju57spvfSRQTxhS57Kv-I.jpg?fit=crop&amp;crop=faces%2Centropy&amp;arh=2&amp;w=108&amp;s=215de839710c78753c5855b1690c7dad",
										"width" : 108,
										"height" : 56
									}, {
										"url" : "https://i.redditmedia.com/J5uP6hOCvr9vuVIKf6KDGOju57spvfSRQTxhS57Kv-I.jpg?fit=crop&amp;crop=faces%2Centropy&amp;arh=2&amp;w=216&amp;s=11f6ed545991fbb90d1ed09af2464acf",
										"width" : 216,
										"height" : 113
									}, {
										"url" : "https://i.redditmedia.com/J5uP6hOCvr9vuVIKf6KDGOju57spvfSRQTxhS57Kv-I.jpg?fit=crop&amp;crop=faces%2Centropy&amp;arh=2&amp;w=320&amp;s=4115ca9e2a9c65ee027a0103d65e9583",
										"width" : 320,
										"height" : 167
									}, {
										"url" : "https://i.redditmedia.com/J5uP6hOCvr9vuVIKf6KDGOju57spvfSRQTxhS57Kv-I.jpg?fit=crop&amp;crop=faces%2Centropy&amp;arh=2&amp;w=640&amp;s=cf3b9117a3da62d86869fe016c4deb05",
										"width" : 640,
										"height" : 335
									}
								],
								"variants" : {},
								"id" : "eW2NmgCtZO-0iLgmaMWLyS1E9okdbzIo6iu6X6XrkG0"
							}
						],
						"enabled" : false
					},
					"thumbnail" : "https://a.thumbs.redditmedia.com/DchMcpIxMJvURUYqxEfn3vn9J_fUx21HFmCBtPrrZm0.jpg",
					"subreddit_id" : "t5_2qqjc",
					"edited" : false,
					"link_flair_css_class" : null,
					"author_flair_css_class" : null,
					"gilded" : 0,
					"downs" : 0,
					"brand_safe" : true,
					"archived" : false,
					"removal_reason" : null,
					"post_hint" : "link",
					"can_gild" : false,
					"thumbnail_height" : 73,
					"hide_score" : false,
					"spoiler" : false,
					"permalink" : "/r/todayilearned/comments/6h89gv/til_bill_gates_and_warren_buffett_went_to_lunch/",
					"num_reports" : null,
					"locked" : false,
					"stickied" : false,
					"created" : 1497483371.0,
					"url" : "https://www.gatesnotes.com/2017-Annual-Letter",
					"author_flair_text" : null,
					"quarantine" : false,
					"title" : "TIL Bill Gates and Warren Buffett went to lunch together at McDonalds. Warren paid, and had a coupon",
					"created_utc" : 1497454571.0,
					"distinguished" : null,
					"media" : null,
					"num_comments" : 586,
					"is_self" : false,
					"visited" : false,
					"subreddit_type" : "public",
					"is_video" : false,
					"ups" : 6799
				}
			}, {
				"kind" : "t3",
				"data" : {
					"contest_mode" : false,
					"subreddit_name_prefixed" : "r/todayilearned",
					"banned_by" : null,
					"media_embed" : {},
					"thumbnail_width" : 140,
					"subreddit" : "todayilearned",
					"selftext_html" : null,
					"selftext" : "",
					"likes" : null,
					"suggested_sort" : null,
					"user_reports" : [],
					"secure_media" : null,
					"link_flair_text" : null,
					"id" : "6h91jw",
					"view_count" : null,
					"secure_media_embed" : {},
					"clicked" : false,
					"report_reasons" : null,
					"author" : "HothTronius",
					"saved" : false,
					"mod_reports" : [],
					"name" : "t3_6h91jw",
					"score" : 3241,
					"approved_by" : null,
					"over_18" : false,
					"domain" : "jalopnik.com",
					"hidden" : false,
					"preview" : {
						"images" : [{
								"source" : {
									"url" : "https://i.redditmedia.com/d_zFqF0jqdFOklSC0gfeefyrPDM9Y5NaqAOeEUBnujU.jpg?s=383b8971b8d11e857cf7f6289f25bc0f",
									"width" : 800,
									"height" : 450
								},
								"resolutions" : [{
										"url" : "https://i.redditmedia.com/d_zFqF0jqdFOklSC0gfeefyrPDM9Y5NaqAOeEUBnujU.jpg?fit=crop&amp;crop=faces%2Centropy&amp;arh=2&amp;w=108&amp;s=79cd1d2eb13dd791bed2dc01822154d4",
										"width" : 108,
										"height" : 60
									}, {
										"url" : "https://i.redditmedia.com/d_zFqF0jqdFOklSC0gfeefyrPDM9Y5NaqAOeEUBnujU.jpg?fit=crop&amp;crop=faces%2Centropy&amp;arh=2&amp;w=216&amp;s=e30a084208d9c7935689c4e0b79943ef",
										"width" : 216,
										"height" : 121
									}, {
										"url" : "https://i.redditmedia.com/d_zFqF0jqdFOklSC0gfeefyrPDM9Y5NaqAOeEUBnujU.jpg?fit=crop&amp;crop=faces%2Centropy&amp;arh=2&amp;w=320&amp;s=dac05c12c76b4a6ea9cae4a70095650b",
										"width" : 320,
										"height" : 180
									}, {
										"url" : "https://i.redditmedia.com/d_zFqF0jqdFOklSC0gfeefyrPDM9Y5NaqAOeEUBnujU.jpg?fit=crop&amp;crop=faces%2Centropy&amp;arh=2&amp;w=640&amp;s=58df3fa5d3b4f814cba5c3a2a982cd8f",
										"width" : 640,
										"height" : 360
									}
								],
								"variants" : {},
								"id" : "C-j1eWuiSXXIP6kvziGtDuWiqfw8QyEH07RacowQ5d8"
							}
						],
						"enabled" : false
					},
					"thumbnail" : "https://b.thumbs.redditmedia.com/ag3Xm6ijq6-zWWTt75pImYhaetipqlrYCUhVxM1K3FM.jpg",
					"subreddit_id" : "t5_2qqjc",
					"edited" : false,
					"link_flair_css_class" : null,
					"author_flair_css_class" : null,
					"gilded" : 0,
					"downs" : 0,
					"brand_safe" : true,
					"archived" : false,
					"removal_reason" : null,
					"post_hint" : "link",
					"can_gild" : false,
					"thumbnail_height" : 78,
					"hide_score" : false,
					"spoiler" : false,
					"permalink" : "/r/todayilearned/comments/6h91jw/til_that_the_weird_little_spirals_on_jet_engine/",
					"num_reports" : null,
					"locked" : false,
					"stickied" : false,
					"created" : 1497490354.0,
					"url" : "http://jalopnik.com/heres-what-those-white-spirals-inside-airplane-engines-1793128634",
					"author_flair_text" : null,
					"quarantine" : false,
					"title" : "TIL that the weird little \"spirals\" on jet engine turbine tips are so the ground crews can tell if an engine is spinning or not",
					"created_utc" : 1497461554.0,
					"distinguished" : null,
					"media" : null,
					"num_comments" : 276,
					"is_self" : false,
					"visited" : false,
					"subreddit_type" : "public",
					"is_video" : false,
					"ups" : 3241
				}
			}, {
				"kind" : "t3",
				"data" : {
					"contest_mode" : false,
					"subreddit_name_prefixed" : "r/todayilearned",
					"banned_by" : null,
					"media_embed" : {},
					"thumbnail_width" : 140,
					"subreddit" : "todayilearned",
					"selftext_html" : null,
					"selftext" : "",
					"likes" : null,
					"suggested_sort" : null,
					"user_reports" : [],
					"secure_media" : null,
					"link_flair_text" : null,
					"id" : "6he6ee",
					"view_count" : null,
					"secure_media_embed" : {},
					"clicked" : false,
					"report_reasons" : null,
					"author" : "Pashton86",
					"saved" : false,
					"mod_reports" : [],
					"name" : "t3_6he6ee",
					"score" : 106,
					"approved_by" : null,
					"over_18" : false,
					"domain" : "abc.net.au",
					"hidden" : false,
					"preview" : {
						"images" : [{
								"source" : {
									"url" : "https://i.redditmedia.com/vQB9ypwqdbDCHNo0widVmtRsmJkxPS_j6XsKQCCnD7w.jpg?s=71544cfc22d376f10c1b08f7fc8b672e",
									"width" : 533,
									"height" : 533
								},
								"resolutions" : [{
										"url" : "https://i.redditmedia.com/vQB9ypwqdbDCHNo0widVmtRsmJkxPS_j6XsKQCCnD7w.jpg?fit=crop&amp;crop=faces%2Centropy&amp;arh=2&amp;w=108&amp;s=15169cc0b78734ad4894656c95531bbd",
										"width" : 108,
										"height" : 108
									}, {
										"url" : "https://i.redditmedia.com/vQB9ypwqdbDCHNo0widVmtRsmJkxPS_j6XsKQCCnD7w.jpg?fit=crop&amp;crop=faces%2Centropy&amp;arh=2&amp;w=216&amp;s=f70fe74ae0ec005fd91d196020f69cd9",
										"width" : 216,
										"height" : 216
									}, {
										"url" : "https://i.redditmedia.com/vQB9ypwqdbDCHNo0widVmtRsmJkxPS_j6XsKQCCnD7w.jpg?fit=crop&amp;crop=faces%2Centropy&amp;arh=2&amp;w=320&amp;s=b99f9157e045d7595b3df361013e6493",
										"width" : 320,
										"height" : 320
									}
								],
								"variants" : {},
								"id" : "bBNZRP-gqd8_Wd3zw3teXO5V87Klczk_g_kQKei0fO0"
							}
						],
						"enabled" : false
					},
					"thumbnail" : "https://b.thumbs.redditmedia.com/kdegc_RyaZVzpiHwI03xbOsEK6PFMeXMgGBbXSnhIyY.jpg",
					"subreddit_id" : "t5_2qqjc",
					"edited" : false,
					"link_flair_css_class" : null,
					"author_flair_css_class" : null,
					"gilded" : 0,
					"downs" : 0,
					"brand_safe" : true,
					"archived" : false,
					"removal_reason" : null,
					"post_hint" : "link",
					"can_gild" : false,
					"thumbnail_height" : 140,
					"hide_score" : false,
					"spoiler" : false,
					"permalink" : "/r/todayilearned/comments/6he6ee/til_farmers_in_botswana_have_started_painting/",
					"num_reports" : null,
					"locked" : false,
					"stickied" : false,
					"created" : 1497551413.0,
					"url" : "http://www.abc.net.au/news/rural/2016-07-19/australian-painting-eyes-on-cows-in-africa-to-protect-herd/7629340",
					"author_flair_text" : null,
					"quarantine" : false,
					"title" : "TIL farmers in Botswana have started painting eyes on their cows bottoms to stop lions from attacking them.",
					"created_utc" : 1497522613.0,
					"distinguished" : null,
					"media" : null,
					"num_comments" : 17,
					"is_self" : false,
					"visited" : false,
					"subreddit_type" : "public",
					"is_video" : false,
					"ups" : 106
				}
			}, {
				"kind" : "t3",
				"data" : {
					"contest_mode" : false,
					"subreddit_name_prefixed" : "r/todayilearned",
					"banned_by" : null,
					"media_embed" : {},
					"thumbnail_width" : 140,
					"subreddit" : "todayilearned",
					"selftext_html" : null,
					"selftext" : "",
					"likes" : null,
					"suggested_sort" : null,
					"user_reports" : [],
					"secure_media" : null,
					"link_flair_text" : null,
					"id" : "6h76p5",
					"view_count" : null,
					"secure_media_embed" : {},
					"clicked" : false,
					"report_reasons" : null,
					"author" : "TerryBouchon",
					"saved" : false,
					"mod_reports" : [],
					"name" : "t3_6h76p5",
					"score" : 8699,
					"approved_by" : null,
					"over_18" : false,
					"domain" : "fishtankbank.com",
					"hidden" : false,
					"preview" : {
						"images" : [{
								"source" : {
									"url" : "https://i.redditmedia.com/PMrroKW-ILFljiWxrUbUKkBKKXrMdBuKHiDyhwZZVSk.jpg?s=fc9f6f1a67d7018c9609318c8a192659",
									"width" : 620,
									"height" : 412
								},
								"resolutions" : [{
										"url" : "https://i.redditmedia.com/PMrroKW-ILFljiWxrUbUKkBKKXrMdBuKHiDyhwZZVSk.jpg?fit=crop&amp;crop=faces%2Centropy&amp;arh=2&amp;w=108&amp;s=894f11951bcc49c23db9d8431e81dfa2",
										"width" : 108,
										"height" : 71
									}, {
										"url" : "https://i.redditmedia.com/PMrroKW-ILFljiWxrUbUKkBKKXrMdBuKHiDyhwZZVSk.jpg?fit=crop&amp;crop=faces%2Centropy&amp;arh=2&amp;w=216&amp;s=00401909a9aead46bdd8691b9b046fde",
										"width" : 216,
										"height" : 143
									}, {
										"url" : "https://i.redditmedia.com/PMrroKW-ILFljiWxrUbUKkBKKXrMdBuKHiDyhwZZVSk.jpg?fit=crop&amp;crop=faces%2Centropy&amp;arh=2&amp;w=320&amp;s=df9b9f15c63763b4ed978672a0c70150",
										"width" : 320,
										"height" : 212
									}
								],
								"variants" : {},
								"id" : "XJ_Sa0T30TdObC5mCZPqqPW2WQjNoGs6GRcF0t9ca0o"
							}
						],
						"enabled" : false
					},
					"thumbnail" : "https://b.thumbs.redditmedia.com/G0g4A-U9JycILs1d1m6omDaJHlZFZRT0VtkuDbc8dGs.jpg",
					"subreddit_id" : "t5_2qqjc",
					"edited" : false,
					"link_flair_css_class" : null,
					"author_flair_css_class" : null,
					"gilded" : 0,
					"downs" : 0,
					"brand_safe" : true,
					"archived" : false,
					"removal_reason" : null,
					"post_hint" : "link",
					"can_gild" : false,
					"thumbnail_height" : 93,
					"hide_score" : false,
					"spoiler" : false,
					"permalink" : "/r/todayilearned/comments/6h76p5/til_the_oldest_animal_ever_was_a_507_year_old/",
					"num_reports" : null,
					"locked" : false,
					"stickied" : false,
					"created" : 1497472347.0,
					"url" : "http://fishtankbank.com/ming-mollusc-oldest-animal-ever-lived-longer/",
					"author_flair_text" : null,
					"quarantine" : false,
					"title" : "TIL the oldest animal ever was a 507 year old mollusc called Ming. It died because the British researchers who found it didn't realize how old it was, so they froze it for research purposes",
					"created_utc" : 1497443547.0,
					"distinguished" : null,
					"media" : null,
					"num_comments" : 266,
					"is_self" : false,
					"visited" : false,
					"subreddit_type" : "public",
					"is_video" : false,
					"ups" : 8699
				}
			}, {
				"kind" : "t3",
				"data" : {
					"contest_mode" : false,
					"subreddit_name_prefixed" : "r/todayilearned",
					"banned_by" : null,
					"media_embed" : {},
					"thumbnail_width" : 140,
					"subreddit" : "todayilearned",
					"selftext_html" : null,
					"selftext" : "",
					"likes" : null,
					"suggested_sort" : null,
					"user_reports" : [],
					"secure_media" : null,
					"link_flair_text" : null,
					"id" : "6hazgn",
					"view_count" : null,
					"secure_media_embed" : {},
					"clicked" : false,
					"report_reasons" : null,
					"author" : "UWphoto",
					"saved" : false,
					"mod_reports" : [],
					"name" : "t3_6hazgn",
					"score" : 837,
					"approved_by" : null,
					"over_18" : false,
					"domain" : "en.wikipedia.org",
					"hidden" : false,
					"preview" : {
						"images" : [{
								"source" : {
									"url" : "https://i.redditmedia.com/RaKrRegl7dDMgan0Mg4qehk6dN5D7TZLUxJrIn0lWpM.jpg?s=9de82e33802e3127b3dfb176f878580a",
									"width" : 554,
									"height" : 796
								},
								"resolutions" : [{
										"url" : "https://i.redditmedia.com/RaKrRegl7dDMgan0Mg4qehk6dN5D7TZLUxJrIn0lWpM.jpg?fit=crop&amp;crop=faces%2Centropy&amp;arh=2&amp;w=108&amp;s=9e660abe6de9e49a133339f9b7ba5f13",
										"width" : 108,
										"height" : 155
									}, {
										"url" : "https://i.redditmedia.com/RaKrRegl7dDMgan0Mg4qehk6dN5D7TZLUxJrIn0lWpM.jpg?fit=crop&amp;crop=faces%2Centropy&amp;arh=2&amp;w=216&amp;s=bf518837e752e2648eeb89af4d36fa35",
										"width" : 216,
										"height" : 310
									}, {
										"url" : "https://i.redditmedia.com/RaKrRegl7dDMgan0Mg4qehk6dN5D7TZLUxJrIn0lWpM.jpg?fit=crop&amp;crop=faces%2Centropy&amp;arh=2&amp;w=320&amp;s=4b3091197a39b237e0044752f734b8ca",
										"width" : 320,
										"height" : 459
									}
								],
								"variants" : {},
								"id" : "8p8WCvKOVdoyNkLoqnpXJcLyFa3sWKmeqhqM7pzyKC8"
							}
						],
						"enabled" : false
					},
					"thumbnail" : "https://b.thumbs.redditmedia.com/lRVyrsK6MB9Muu9ddJYWhUbecsPSSP2LG1NtABbgxGU.jpg",
					"subreddit_id" : "t5_2qqjc",
					"edited" : false,
					"link_flair_css_class" : null,
					"author_flair_css_class" : null,
					"gilded" : 0,
					"downs" : 0,
					"brand_safe" : true,
					"archived" : false,
					"removal_reason" : null,
					"post_hint" : "link",
					"can_gild" : false,
					"thumbnail_height" : 140,
					"hide_score" : false,
					"spoiler" : false,
					"permalink" : "/r/todayilearned/comments/6hazgn/til_the_founder_and_the_original_leader_of_the/",
					"num_reports" : null,
					"locked" : false,
					"stickied" : false,
					"created" : 1497508404.0,
					"url" : "https://en.wikipedia.org/wiki/Brian_Jones",
					"author_flair_text" : null,
					"quarantine" : false,
					"title" : "TIL the founder and the original leader of the Rolling Stones got kicked out of the band and then died less than a month later",
					"created_utc" : 1497479604.0,
					"distinguished" : null,
					"media" : null,
					"num_comments" : 76,
					"is_self" : false,
					"visited" : false,
					"subreddit_type" : "public",
					"is_video" : false,
					"ups" : 837
				}
			}, {
				"kind" : "t3",
				"data" : {
					"contest_mode" : false,
					"subreddit_name_prefixed" : "r/todayilearned",
					"banned_by" : null,
					"media_embed" : {},
					"thumbnail_width" : 140,
					"subreddit" : "todayilearned",
					"selftext_html" : null,
					"selftext" : "",
					"likes" : null,
					"suggested_sort" : null,
					"user_reports" : [],
					"secure_media" : null,
					"link_flair_text" : null,
					"id" : "6h6jvp",
					"view_count" : null,
					"secure_media_embed" : {},
					"clicked" : false,
					"report_reasons" : null,
					"author" : "Pashton86",
					"saved" : false,
					"mod_reports" : [],
					"name" : "t3_6h6jvp",
					"score" : 53124,
					"approved_by" : null,
					"over_18" : false,
					"domain" : "paloaltoonline.com",
					"hidden" : false,
					"preview" : {
						"images" : [{
								"source" : {
									"url" : "https://i.redditmedia.com/VrUJ4glQGsVbtFGLwdUQRxxSN-AdfzgItSDNWjxj7X0.jpg?s=197ee88b687d99f56997924a618f0309",
									"width" : 310,
									"height" : 466
								},
								"resolutions" : [{
										"url" : "https://i.redditmedia.com/VrUJ4glQGsVbtFGLwdUQRxxSN-AdfzgItSDNWjxj7X0.jpg?fit=crop&amp;crop=faces%2Centropy&amp;arh=2&amp;w=108&amp;s=61f0c19f8c5733a96684b5a7840d0692",
										"width" : 108,
										"height" : 162
									}, {
										"url" : "https://i.redditmedia.com/VrUJ4glQGsVbtFGLwdUQRxxSN-AdfzgItSDNWjxj7X0.jpg?fit=crop&amp;crop=faces%2Centropy&amp;arh=2&amp;w=216&amp;s=d9920d8eaf918cee96b87d46f279b775",
										"width" : 216,
										"height" : 324
									}
								],
								"variants" : {},
								"id" : "x2WDNJQ0HYZyGj8bb5YVKABdC3P24o2CPcDH-f25H04"
							}
						],
						"enabled" : false
					},
					"thumbnail" : "https://b.thumbs.redditmedia.com/rqRPLoX4vFk6WGFyuCJo2b8fNU-rHrSfiEoDPg4ZP-Y.jpg",
					"subreddit_id" : "t5_2qqjc",
					"edited" : false,
					"link_flair_css_class" : null,
					"author_flair_css_class" : null,
					"gilded" : 0,
					"downs" : 0,
					"brand_safe" : true,
					"archived" : false,
					"removal_reason" : null,
					"post_hint" : "link",
					"can_gild" : false,
					"thumbnail_height" : 140,
					"hide_score" : false,
					"spoiler" : false,
					"permalink" : "/r/todayilearned/comments/6h6jvp/til_there_is_a_statue_of_nikola_tesla_in_silicon/",
					"num_reports" : null,
					"locked" : false,
					"stickied" : false,
					"created" : 1497463627.0,
					"url" : "https://www.paloaltoonline.com/news/2013/12/06/nikola-tesla-statue-to-be-unveiled-in-palo-alto",
					"author_flair_text" : null,
					"quarantine" : false,
					"title" : "TIL there is a statue of Nikola Tesla in Silicon Valley that radiates free wi-fi",
					"created_utc" : 1497434827.0,
					"distinguished" : null,
					"media" : null,
					"num_comments" : 1049,
					"is_self" : false,
					"visited" : false,
					"subreddit_type" : "public",
					"is_video" : false,
					"ups" : 53124
				}
			}, {
				"kind" : "t3",
				"data" : {
					"contest_mode" : false,
					"subreddit_name_prefixed" : "r/todayilearned",
					"banned_by" : null,
					"media_embed" : {},
					"thumbnail_width" : 40,
					"subreddit" : "todayilearned",
					"selftext_html" : null,
					"selftext" : "",
					"likes" : null,
					"suggested_sort" : null,
					"user_reports" : [],
					"secure_media" : null,
					"link_flair_text" : null,
					"id" : "6h8fsm",
					"view_count" : null,
					"secure_media_embed" : {},
					"clicked" : false,
					"report_reasons" : null,
					"author" : "Bball33",
					"saved" : false,
					"mod_reports" : [],
					"name" : "t3_6h8fsm",
					"score" : 2460,
					"approved_by" : null,
					"over_18" : false,
					"domain" : "en.wikipedia.org",
					"hidden" : false,
					"preview" : {
						"images" : [{
								"source" : {
									"url" : "https://i.redditmedia.com/mGf_wsr-oOz5kk5Nc9D_ffvaxmTYzxs9YkxpGl2Nah0.jpg?s=47f024ddbc1f4446508bc3cacafca3dd",
									"width" : 40,
									"height" : 40
								},
								"resolutions" : [],
								"variants" : {},
								"id" : "1WV6gofF9qeifFXEGh_GV9DvSFtWcIbe64R8sgbCq6A"
							}
						],
						"enabled" : false
					},
					"thumbnail" : "https://b.thumbs.redditmedia.com/GUGhJ_09gpF-rrgD19iFCG8Ly1VL1vgzbnqcPChNsFk.jpg",
					"subreddit_id" : "t5_2qqjc",
					"edited" : false,
					"link_flair_css_class" : null,
					"author_flair_css_class" : null,
					"gilded" : 0,
					"downs" : 0,
					"brand_safe" : true,
					"archived" : false,
					"removal_reason" : null,
					"post_hint" : "link",
					"can_gild" : false,
					"thumbnail_height" : 40,
					"hide_score" : false,
					"spoiler" : false,
					"permalink" : "/r/todayilearned/comments/6h8fsm/til_deep_purple_were_recognized_by_the_guinness/",
					"num_reports" : null,
					"locked" : false,
					"stickied" : false,
					"created" : 1497484938.0,
					"url" : "https://en.wikipedia.org/wiki/Loudest_band",
					"author_flair_text" : null,
					"quarantine" : false,
					"title" : "TIL: Deep Purple were recognized by The Guinness Book of World Records as the \"globe's loudest band\" when in a concert at the London Rainbow Theatre their sound reached 117 dB. Three of their audience members were rendered unconscious.",
					"created_utc" : 1497456138.0,
					"distinguished" : null,
					"media" : null,
					"num_comments" : 122,
					"is_self" : false,
					"visited" : false,
					"subreddit_type" : "public",
					"is_video" : false,
					"ups" : 2460
				}
			}, {
				"kind" : "t3",
				"data" : {
					"contest_mode" : false,
					"subreddit_name_prefixed" : "r/todayilearned",
					"banned_by" : null,
					"media_embed" : {},
					"thumbnail_width" : 140,
					"subreddit" : "todayilearned",
					"selftext_html" : null,
					"selftext" : "",
					"likes" : null,
					"suggested_sort" : null,
					"user_reports" : [],
					"secure_media" : null,
					"link_flair_text" : null,
					"id" : "6hbqs0",
					"view_count" : null,
					"secure_media_embed" : {},
					"clicked" : false,
					"report_reasons" : null,
					"author" : "NiTianErXeng",
					"saved" : false,
					"mod_reports" : [],
					"name" : "t3_6hbqs0",
					"score" : 463,
					"approved_by" : null,
					"over_18" : false,
					"domain" : "hoaxes.org",
					"hidden" : false,
					"preview" : {
						"images" : [{
								"source" : {
									"url" : "https://i.redditmedia.com/FE-BFb5rRX0ROUMGZNZ9JNDTr_AntQngOeIhiCVO2lI.jpg?s=88b0911bd7ace6690be3869e2999944c",
									"width" : 500,
									"height" : 657
								},
								"resolutions" : [{
										"url" : "https://i.redditmedia.com/FE-BFb5rRX0ROUMGZNZ9JNDTr_AntQngOeIhiCVO2lI.jpg?fit=crop&amp;crop=faces%2Centropy&amp;arh=2&amp;w=108&amp;s=de1789b11b54e750ec8419262699df11",
										"width" : 108,
										"height" : 141
									}, {
										"url" : "https://i.redditmedia.com/FE-BFb5rRX0ROUMGZNZ9JNDTr_AntQngOeIhiCVO2lI.jpg?fit=crop&amp;crop=faces%2Centropy&amp;arh=2&amp;w=216&amp;s=02956ef64c9d1a915d40eecdd5eb3daf",
										"width" : 216,
										"height" : 283
									}, {
										"url" : "https://i.redditmedia.com/FE-BFb5rRX0ROUMGZNZ9JNDTr_AntQngOeIhiCVO2lI.jpg?fit=crop&amp;crop=faces%2Centropy&amp;arh=2&amp;w=320&amp;s=3c684e7e54dd9bbd826567ec9d741e94",
										"width" : 320,
										"height" : 420
									}
								],
								"variants" : {},
								"id" : "awm7U2YGUTI5ZThBn7pNEK73fdCDWBNF8cv0_bHoJ9w"
							}
						],
						"enabled" : false
					},
					"thumbnail" : "https://b.thumbs.redditmedia.com/kG3DwP8tETHNmDj6Xd0afhfUOCxu7zWkdMXXZRpfigw.jpg",
					"subreddit_id" : "t5_2qqjc",
					"edited" : false,
					"link_flair_css_class" : null,
					"author_flair_css_class" : null,
					"gilded" : 0,
					"downs" : 0,
					"brand_safe" : true,
					"archived" : false,
					"removal_reason" : null,
					"post_hint" : "link",
					"can_gild" : false,
					"thumbnail_height" : 140,
					"hide_score" : false,
					"spoiler" : false,
					"permalink" : "/r/todayilearned/comments/6hbqs0/til_in_1974_a_20_year_old_man_kidnapped_himself/",
					"num_reports" : null,
					"locked" : false,
					"stickied" : false,
					"created" : 1497516469.0,
					"url" : "http://hoaxes.org/weblog/comments/self_kidnapping",
					"author_flair_text" : null,
					"quarantine" : false,
					"title" : "TIL in 1974 a 20 year old man kidnapped himself in an attempt to get $5000 from his parents. He was found a couple hours later in a camper van behind his house.",
					"created_utc" : 1497487669.0,
					"distinguished" : null,
					"media" : null,
					"num_comments" : 21,
					"is_self" : false,
					"visited" : false,
					"subreddit_type" : "public",
					"is_video" : false,
					"ups" : 463
				}
			}, {
				"kind" : "t3",
				"data" : {
					"contest_mode" : false,
					"subreddit_name_prefixed" : "r/todayilearned",
					"banned_by" : null,
					"media_embed" : {},
					"thumbnail_width" : 140,
					"subreddit" : "todayilearned",
					"selftext_html" : null,
					"selftext" : "",
					"likes" : null,
					"suggested_sort" : null,
					"user_reports" : [],
					"secure_media" : null,
					"link_flair_text" : null,
					"id" : "6h7j4h",
					"view_count" : null,
					"secure_media_embed" : {},
					"clicked" : false,
					"report_reasons" : null,
					"author" : "FillsYourNiche",
					"saved" : false,
					"mod_reports" : [],
					"name" : "t3_6h7j4h",
					"score" : 3302,
					"approved_by" : null,
					"over_18" : false,
					"domain" : "nobelprize.org",
					"hidden" : false,
					"preview" : {
						"images" : [{
								"source" : {
									"url" : "https://i.redditmedia.com/hLZipHBjcjz02IUgIijdzjM45nZ8uLzIq4t56EK80Vk.jpg?s=76f44c8eaf814a5bbfe211a8abc2d219",
									"width" : 162,
									"height" : 227
								},
								"resolutions" : [{
										"url" : "https://i.redditmedia.com/hLZipHBjcjz02IUgIijdzjM45nZ8uLzIq4t56EK80Vk.jpg?fit=crop&amp;crop=faces%2Centropy&amp;arh=2&amp;w=108&amp;s=d38e5f93221c2ae9763f13cc5d57586b",
										"width" : 108,
										"height" : 151
									}
								],
								"variants" : {},
								"id" : "0TNCYt4YCoDTvHGmKJCBNiYjrl_kSLoIKOe1yhoBoP0"
							}
						],
						"enabled" : false
					},
					"thumbnail" : "https://b.thumbs.redditmedia.com/-RJ7RQmPKqLaexF5XDLes3EIz2YUpdF_ADrNYgrUVqg.jpg",
					"subreddit_id" : "t5_2qqjc",
					"edited" : false,
					"link_flair_css_class" : null,
					"author_flair_css_class" : null,
					"gilded" : 0,
					"downs" : 0,
					"brand_safe" : true,
					"archived" : false,
					"removal_reason" : null,
					"post_hint" : "link",
					"can_gild" : false,
					"thumbnail_height" : 140,
					"hide_score" : false,
					"spoiler" : false,
					"permalink" : "/r/todayilearned/comments/6h7j4h/til_marie_curie_was_the_first_woman_to_win_the/",
					"num_reports" : null,
					"locked" : false,
					"stickied" : false,
					"created" : 1497476201.0,
					"url" : "http://www.nobelprize.org/nobel_prizes/physics/laureates/1903/marie-curie-bio.html",
					"author_flair_text" : null,
					"quarantine" : false,
					"title" : "TIL Marie Curie was the first woman to win the Nobel Prize, but also the first person (man or woman) ever to win the award twice and for achievements in two distinct scientific fields; Chemistry and Physics.",
					"created_utc" : 1497447401.0,
					"distinguished" : null,
					"media" : null,
					"num_comments" : 92,
					"is_self" : false,
					"visited" : false,
					"subreddit_type" : "public",
					"is_video" : false,
					"ups" : 3302
				}
			}, {
				"kind" : "t3",
				"data" : {
					"contest_mode" : false,
					"subreddit_name_prefixed" : "r/todayilearned",
					"banned_by" : null,
					"media_embed" : {},
					"thumbnail_width" : 140,
					"subreddit" : "todayilearned",
					"selftext_html" : null,
					"selftext" : "",
					"likes" : null,
					"suggested_sort" : null,
					"user_reports" : [],
					"secure_media" : null,
					"link_flair_text" : null,
					"id" : "6h82jz",
					"view_count" : null,
					"secure_media_embed" : {},
					"clicked" : false,
					"report_reasons" : null,
					"author" : "GBR974",
					"saved" : false,
					"mod_reports" : [],
					"name" : "t3_6h82jz",
					"score" : 2353,
					"approved_by" : null,
					"over_18" : false,
					"domain" : "en.wikipedia.org",
					"hidden" : false,
					"preview" : {
						"images" : [{
								"source" : {
									"url" : "https://i.redditmedia.com/ChoVRuy_9ZG4xtWtBh5nD5RldkY5Qrw2ySF-0vVKBAA.jpg?s=9f6465468426417af9c53de381413add",
									"width" : 650,
									"height" : 234
								},
								"resolutions" : [{
										"url" : "https://i.redditmedia.com/ChoVRuy_9ZG4xtWtBh5nD5RldkY5Qrw2ySF-0vVKBAA.jpg?fit=crop&amp;crop=faces%2Centropy&amp;arh=2&amp;w=108&amp;s=a56b682211364063a208c28d088e8a97",
										"width" : 108,
										"height" : 38
									}, {
										"url" : "https://i.redditmedia.com/ChoVRuy_9ZG4xtWtBh5nD5RldkY5Qrw2ySF-0vVKBAA.jpg?fit=crop&amp;crop=faces%2Centropy&amp;arh=2&amp;w=216&amp;s=ace05dccae252ca8d7f647312afdd833",
										"width" : 216,
										"height" : 77
									}, {
										"url" : "https://i.redditmedia.com/ChoVRuy_9ZG4xtWtBh5nD5RldkY5Qrw2ySF-0vVKBAA.jpg?fit=crop&amp;crop=faces%2Centropy&amp;arh=2&amp;w=320&amp;s=07a340d6fa254df880dba227c1b4b7a8",
										"width" : 320,
										"height" : 115
									}, {
										"url" : "https://i.redditmedia.com/ChoVRuy_9ZG4xtWtBh5nD5RldkY5Qrw2ySF-0vVKBAA.jpg?fit=crop&amp;crop=faces%2Centropy&amp;arh=2&amp;w=640&amp;s=a4a3cf1f870ee16e52444caef17da41c",
										"width" : 640,
										"height" : 230
									}
								],
								"variants" : {},
								"id" : "k9Y6csyi_na15xayK6JuomwK93kgHIR3r-mNflj8Wi8"
							}
						],
						"enabled" : false
					},
					"thumbnail" : "https://b.thumbs.redditmedia.com/QSPvx2zA_flhTr_6RTxtKLdsVebjWfWAufSemXT0YlA.jpg",
					"subreddit_id" : "t5_2qqjc",
					"edited" : false,
					"link_flair_css_class" : null,
					"author_flair_css_class" : null,
					"gilded" : 0,
					"downs" : 0,
					"brand_safe" : true,
					"archived" : false,
					"removal_reason" : null,
					"post_hint" : "link",
					"can_gild" : false,
					"thumbnail_height" : 50,
					"hide_score" : false,
					"spoiler" : false,
					"permalink" : "/r/todayilearned/comments/6h82jz/til_during_the_second_world_war_a_soviet_pilot/",
					"num_reports" : null,
					"locked" : false,
					"stickied" : false,
					"created" : 1497481590.0,
					"url" : "https://en.wikipedia.org/wiki/Ilyushin_Il-2#Notable_aircrew",
					"author_flair_text" : null,
					"quarantine" : false,
					"title" : "TIL During the second world war a Soviet pilot was shot down while returning from a reconnaissance misson and hid in the nearby woods, When a German fighter pilot landed nearby to investigate, the soviet pilot rushed out, stole the Germans plane, and flew home.",
					"created_utc" : 1497452790.0,
					"distinguished" : null,
					"media" : null,
					"num_comments" : 75,
					"is_self" : false,
					"visited" : false,
					"subreddit_type" : "public",
					"is_video" : false,
					"ups" : 2353
				}
			}, {
				"kind" : "t3",
				"data" : {
					"contest_mode" : false,
					"subreddit_name_prefixed" : "r/todayilearned",
					"banned_by" : null,
					"media_embed" : {},
					"thumbnail_width" : 140,
					"subreddit" : "todayilearned",
					"selftext_html" : null,
					"selftext" : "",
					"likes" : null,
					"suggested_sort" : null,
					"user_reports" : [],
					"secure_media" : null,
					"link_flair_text" : null,
					"id" : "6h8j3s",
					"view_count" : null,
					"secure_media_embed" : {},
					"clicked" : false,
					"report_reasons" : null,
					"author" : "PantsAreOptionaI",
					"saved" : false,
					"mod_reports" : [],
					"name" : "t3_6h8j3s",
					"score" : 1565,
					"approved_by" : null,
					"over_18" : false,
					"domain" : "jellinek.nl",
					"hidden" : false,
					"preview" : {
						"images" : [{
								"source" : {
									"url" : "https://i.redditmedia.com/B4mfEj52uxo__03q5AhFsGVdc1bc0hMOuCDhgeZDV8A.jpg?s=fceebf2ceaab70cd8c3f475eed4afe45",
									"width" : 154,
									"height" : 191
								},
								"resolutions" : [{
										"url" : "https://i.redditmedia.com/B4mfEj52uxo__03q5AhFsGVdc1bc0hMOuCDhgeZDV8A.jpg?fit=crop&amp;crop=faces%2Centropy&amp;arh=2&amp;w=108&amp;s=ffd4fdb68ed4e67b1aebd61527da97da",
										"width" : 108,
										"height" : 133
									}
								],
								"variants" : {},
								"id" : "UV_w9_WN59n-JWeYFY86cj7sKS1y9vlWtnAYMtukfVk"
							}
						],
						"enabled" : false
					},
					"thumbnail" : "https://a.thumbs.redditmedia.com/7lvnmcbHMeiFbFikovG_Nirt-XsslzKgtgVEZ1IbRt8.jpg",
					"subreddit_id" : "t5_2qqjc",
					"edited" : false,
					"link_flair_css_class" : null,
					"author_flair_css_class" : null,
					"gilded" : 0,
					"downs" : 0,
					"brand_safe" : true,
					"archived" : false,
					"removal_reason" : null,
					"post_hint" : "link",
					"can_gild" : false,
					"thumbnail_height" : 140,
					"hide_score" : false,
					"spoiler" : false,
					"permalink" : "/r/todayilearned/comments/6h8j3s/til_in_the_netherlands_it_is_legal_to_be_under/",
					"num_reports" : null,
					"locked" : false,
					"stickied" : false,
					"created" : 1497485761.0,
					"url" : "https://www.jellinek.nl/english/tourists/",
					"author_flair_text" : null,
					"quarantine" : false,
					"title" : "TIL in the Netherlands it is legal to be under influence of any drug, simply so users don't hesitate to seek medical help.",
					"created_utc" : 1497456961.0,
					"distinguished" : null,
					"media" : null,
					"num_comments" : 86,
					"is_self" : false,
					"visited" : false,
					"subreddit_type" : "public",
					"is_video" : false,
					"ups" : 1565
				}
			}, {
				"kind" : "t3",
				"data" : {
					"contest_mode" : false,
					"subreddit_name_prefixed" : "r/todayilearned",
					"banned_by" : null,
					"media_embed" : {},
					"thumbnail_width" : 140,
					"subreddit" : "todayilearned",
					"selftext_html" : null,
					"selftext" : "",
					"likes" : null,
					"suggested_sort" : null,
					"user_reports" : [],
					"secure_media" : null,
					"link_flair_text" : null,
					"id" : "6hbbxe",
					"view_count" : null,
					"secure_media_embed" : {},
					"clicked" : false,
					"report_reasons" : null,
					"author" : "Pashton86",
					"saved" : false,
					"mod_reports" : [],
					"name" : "t3_6hbbxe",
					"score" : 380,
					"approved_by" : null,
					"over_18" : false,
					"domain" : "nydailynews.com",
					"hidden" : false,
					"preview" : {
						"images" : [{
								"source" : {
									"url" : "https://i.redditmedia.com/XWiX3iLBR7zDpZhBHFHEFiESzD7z3UGfngfJFavTZ4Y.jpg?s=e2b118e534a3ed7072f0bc8aa9fc8d25",
									"width" : 1200,
									"height" : 630
								},
								"resolutions" : [{
										"url" : "https://i.redditmedia.com/XWiX3iLBR7zDpZhBHFHEFiESzD7z3UGfngfJFavTZ4Y.jpg?fit=crop&amp;crop=faces%2Centropy&amp;arh=2&amp;w=108&amp;s=e6ede7ecf928d4d09b0e0f5cdf73b81e",
										"width" : 108,
										"height" : 56
									}, {
										"url" : "https://i.redditmedia.com/XWiX3iLBR7zDpZhBHFHEFiESzD7z3UGfngfJFavTZ4Y.jpg?fit=crop&amp;crop=faces%2Centropy&amp;arh=2&amp;w=216&amp;s=9005d252134fc0d0a5aeb5541ef3b0d2",
										"width" : 216,
										"height" : 113
									}, {
										"url" : "https://i.redditmedia.com/XWiX3iLBR7zDpZhBHFHEFiESzD7z3UGfngfJFavTZ4Y.jpg?fit=crop&amp;crop=faces%2Centropy&amp;arh=2&amp;w=320&amp;s=f9a203f14855240759ed827be8382dac",
										"width" : 320,
										"height" : 168
									}, {
										"url" : "https://i.redditmedia.com/XWiX3iLBR7zDpZhBHFHEFiESzD7z3UGfngfJFavTZ4Y.jpg?fit=crop&amp;crop=faces%2Centropy&amp;arh=2&amp;w=640&amp;s=628f66556d6547d0e8cb61f108e06153",
										"width" : 640,
										"height" : 336
									}, {
										"url" : "https://i.redditmedia.com/XWiX3iLBR7zDpZhBHFHEFiESzD7z3UGfngfJFavTZ4Y.jpg?fit=crop&amp;crop=faces%2Centropy&amp;arh=2&amp;w=960&amp;s=202ab70106c83f6f451a9669948637da",
										"width" : 960,
										"height" : 504
									}, {
										"url" : "https://i.redditmedia.com/XWiX3iLBR7zDpZhBHFHEFiESzD7z3UGfngfJFavTZ4Y.jpg?fit=crop&amp;crop=faces%2Centropy&amp;arh=2&amp;w=1080&amp;s=ccaf8b2f0fb64da0a06a7fa3f7932043",
										"width" : 1080,
										"height" : 567
									}
								],
								"variants" : {},
								"id" : "JTtFLxrngFu2wj2-cmseu6aC2GCZlkRQuagHp4RwtDk"
							}
						],
						"enabled" : false
					},
					"thumbnail" : "https://b.thumbs.redditmedia.com/3QQrlM1xqq7cvXCC3RsjqC4TmebjjLi6aCRzVSkSZLU.jpg",
					"subreddit_id" : "t5_2qqjc",
					"edited" : false,
					"link_flair_css_class" : null,
					"author_flair_css_class" : null,
					"gilded" : 0,
					"downs" : 0,
					"brand_safe" : true,
					"archived" : false,
					"removal_reason" : null,
					"post_hint" : "link",
					"can_gild" : false,
					"thumbnail_height" : 73,
					"hide_score" : false,
					"spoiler" : false,
					"permalink" : "/r/todayilearned/comments/6hbbxe/til_that_the_oldest_yo_mama_joke_is_on_a_3500/",
					"num_reports" : null,
					"locked" : false,
					"stickied" : false,
					"created" : 1497511965.0,
					"url" : "http://www.nydailynews.com/news/ancient-tablet-world-oldest-yo-mama-joke-sex-beer-humor-article-1.1015067",
					"author_flair_text" : null,
					"quarantine" : false,
					"title" : "TIL that the oldest yo mama joke is on a 3500 year old Babylonian tablet",
					"created_utc" : 1497483165.0,
					"distinguished" : null,
					"media" : null,
					"num_comments" : 16,
					"is_self" : false,
					"visited" : false,
					"subreddit_type" : "public",
					"is_video" : false,
					"ups" : 380
				}
			}, {
				"kind" : "t3",
				"data" : {
					"contest_mode" : false,
					"subreddit_name_prefixed" : "r/todayilearned",
					"banned_by" : null,
					"media_embed" : {},
					"thumbnail_width" : 140,
					"subreddit" : "todayilearned",
					"selftext_html" : null,
					"selftext" : "",
					"likes" : null,
					"suggested_sort" : null,
					"user_reports" : [],
					"secure_media" : null,
					"link_flair_text" : null,
					"id" : "6hbfzw",
					"view_count" : null,
					"secure_media_embed" : {},
					"clicked" : false,
					"report_reasons" : null,
					"author" : "ConspicuousWhiteGuy",
					"saved" : false,
					"mod_reports" : [],
					"name" : "t3_6hbfzw",
					"score" : 337,
					"approved_by" : null,
					"over_18" : false,
					"domain" : "en.wikipedia.org",
					"hidden" : false,
					"preview" : {
						"images" : [{
								"source" : {
									"url" : "https://i.redditmedia.com/7DV3WOmCdT4U3ol4Ep12EHPPnbyXdA-yO44h1AiZou0.jpg?s=25314edbe253ef3de6e0efee91857fbb",
									"width" : 1200,
									"height" : 1806
								},
								"resolutions" : [{
										"url" : "https://i.redditmedia.com/7DV3WOmCdT4U3ol4Ep12EHPPnbyXdA-yO44h1AiZou0.jpg?fit=crop&amp;crop=faces%2Centropy&amp;arh=2&amp;w=108&amp;s=6215cb63b7b3e4c74abf26f5b8652e4b",
										"width" : 108,
										"height" : 162
									}, {
										"url" : "https://i.redditmedia.com/7DV3WOmCdT4U3ol4Ep12EHPPnbyXdA-yO44h1AiZou0.jpg?fit=crop&amp;crop=faces%2Centropy&amp;arh=2&amp;w=216&amp;s=18562072957eb53b58fc9ee0257496be",
										"width" : 216,
										"height" : 325
									}, {
										"url" : "https://i.redditmedia.com/7DV3WOmCdT4U3ol4Ep12EHPPnbyXdA-yO44h1AiZou0.jpg?fit=crop&amp;crop=faces%2Centropy&amp;arh=2&amp;w=320&amp;s=7ca6641d3594b17c90706b31044a99fb",
										"width" : 320,
										"height" : 481
									}, {
										"url" : "https://i.redditmedia.com/7DV3WOmCdT4U3ol4Ep12EHPPnbyXdA-yO44h1AiZou0.jpg?fit=crop&amp;crop=faces%2Centropy&amp;arh=2&amp;w=640&amp;s=2cbef7428050c8d935b164eff9589db1",
										"width" : 640,
										"height" : 963
									}, {
										"url" : "https://i.redditmedia.com/7DV3WOmCdT4U3ol4Ep12EHPPnbyXdA-yO44h1AiZou0.jpg?fit=crop&amp;crop=faces%2Centropy&amp;arh=2&amp;w=960&amp;s=df59ea26b4fe7a5bb0bac8c12f54d9bb",
										"width" : 960,
										"height" : 1444
									}, {
										"url" : "https://i.redditmedia.com/7DV3WOmCdT4U3ol4Ep12EHPPnbyXdA-yO44h1AiZou0.jpg?fit=crop&amp;crop=faces%2Centropy&amp;arh=2&amp;w=1080&amp;s=1e89902d44b53cc07d021735dbfaab53",
										"width" : 1080,
										"height" : 1625
									}
								],
								"variants" : {},
								"id" : "Flfsu8YQtu35nkKUyvuLxeT912LQQqLBPS9OUZfGSAE"
							}
						],
						"enabled" : false
					},
					"thumbnail" : "https://b.thumbs.redditmedia.com/sRWP7g5Tvf6bmwWGjz85-04hSjBx9FRpiWbb6Uw1RSU.jpg",
					"subreddit_id" : "t5_2qqjc",
					"edited" : false,
					"link_flair_css_class" : null,
					"author_flair_css_class" : null,
					"gilded" : 0,
					"downs" : 0,
					"brand_safe" : true,
					"archived" : false,
					"removal_reason" : null,
					"post_hint" : "link",
					"can_gild" : false,
					"thumbnail_height" : 140,
					"hide_score" : false,
					"spoiler" : false,
					"permalink" : "/r/todayilearned/comments/6hbfzw/til_china_produces_67_of_the_worlds_watermelons/",
					"num_reports" : null,
					"locked" : false,
					"stickied" : false,
					"created" : 1497513150.0,
					"url" : "https://en.wikipedia.org/wiki/Watermelon#Production",
					"author_flair_text" : null,
					"quarantine" : false,
					"title" : "TIL China produces 67% of the world's watermelons. They produce 20 times more than the second highest producer.",
					"created_utc" : 1497484350.0,
					"distinguished" : null,
					"media" : null,
					"num_comments" : 18,
					"is_self" : false,
					"visited" : false,
					"subreddit_type" : "public",
					"is_video" : false,
					"ups" : 337
				}
			}, {
				"kind" : "t3",
				"data" : {
					"contest_mode" : false,
					"subreddit_name_prefixed" : "r/todayilearned",
					"banned_by" : null,
					"media_embed" : {},
					"thumbnail_width" : 140,
					"subreddit" : "todayilearned",
					"selftext_html" : null,
					"selftext" : "",
					"likes" : null,
					"suggested_sort" : null,
					"user_reports" : [],
					"secure_media" : null,
					"link_flair_text" : null,
					"id" : "6h9bx5",
					"view_count" : null,
					"secure_media_embed" : {},
					"clicked" : false,
					"report_reasons" : null,
					"author" : "sexpressed",
					"saved" : false,
					"mod_reports" : [],
					"name" : "t3_6h9bx5",
					"score" : 926,
					"approved_by" : null,
					"over_18" : false,
					"domain" : "avp.wikia.com",
					"hidden" : false,
					"preview" : {
						"images" : [{
								"source" : {
									"url" : "https://i.redditmedia.com/wKuUrLCBqbRn0plF7ziNjCMXfM7d8jX_RjRmeKAA9Ec.jpg?s=2626a87cf8d9a07393a03fc9d630c748",
									"width" : 1280,
									"height" : 660
								},
								"resolutions" : [{
										"url" : "https://i.redditmedia.com/wKuUrLCBqbRn0plF7ziNjCMXfM7d8jX_RjRmeKAA9Ec.jpg?fit=crop&amp;crop=faces%2Centropy&amp;arh=2&amp;w=108&amp;s=da0c51dd4d3c4aa471c08ec69710bc10",
										"width" : 108,
										"height" : 55
									}, {
										"url" : "https://i.redditmedia.com/wKuUrLCBqbRn0plF7ziNjCMXfM7d8jX_RjRmeKAA9Ec.jpg?fit=crop&amp;crop=faces%2Centropy&amp;arh=2&amp;w=216&amp;s=615f75f0059ba2eddb96769c4001be96",
										"width" : 216,
										"height" : 111
									}, {
										"url" : "https://i.redditmedia.com/wKuUrLCBqbRn0plF7ziNjCMXfM7d8jX_RjRmeKAA9Ec.jpg?fit=crop&amp;crop=faces%2Centropy&amp;arh=2&amp;w=320&amp;s=cc236d6a05fbd224867a315463505a0f",
										"width" : 320,
										"height" : 165
									}, {
										"url" : "https://i.redditmedia.com/wKuUrLCBqbRn0plF7ziNjCMXfM7d8jX_RjRmeKAA9Ec.jpg?fit=crop&amp;crop=faces%2Centropy&amp;arh=2&amp;w=640&amp;s=1f5d4edd549234feb8bfb030913ecf86",
										"width" : 640,
										"height" : 330
									}, {
										"url" : "https://i.redditmedia.com/wKuUrLCBqbRn0plF7ziNjCMXfM7d8jX_RjRmeKAA9Ec.jpg?fit=crop&amp;crop=faces%2Centropy&amp;arh=2&amp;w=960&amp;s=7c4c8225afd9cc1826f01a85d686064a",
										"width" : 960,
										"height" : 495
									}, {
										"url" : "https://i.redditmedia.com/wKuUrLCBqbRn0plF7ziNjCMXfM7d8jX_RjRmeKAA9Ec.jpg?fit=crop&amp;crop=faces%2Centropy&amp;arh=2&amp;w=1080&amp;s=bbfcfbaa9b7e7d52c4f20ff8d7302900",
										"width" : 1080,
										"height" : 556
									}
								],
								"variants" : {},
								"id" : "sMLMktpSZo21xHLi6VMY7dtKMXVKnmF3114PUOd1V6Y"
							}
						],
						"enabled" : false
					},
					"thumbnail" : "https://b.thumbs.redditmedia.com/KNx8Es_Lt8Wvf--yJa6r-b9TxCypFvG5DM0RKMHNRns.jpg",
					"subreddit_id" : "t5_2qqjc",
					"edited" : false,
					"link_flair_css_class" : null,
					"author_flair_css_class" : null,
					"gilded" : 0,
					"downs" : 0,
					"brand_safe" : true,
					"archived" : false,
					"removal_reason" : null,
					"post_hint" : "link",
					"can_gild" : false,
					"thumbnail_height" : 72,
					"hide_score" : false,
					"spoiler" : false,
					"permalink" : "/r/todayilearned/comments/6h9bx5/til_that_sonny_landham_who_played_the_quiet/",
					"num_reports" : null,
					"locked" : false,
					"stickied" : false,
					"created" : 1497492917.0,
					"url" : "http://avp.wikia.com/wiki/Billy_Sole#Trivia",
					"author_flair_text" : null,
					"quarantine" : false,
					"title" : "TIL that Sonny Landham, who played the quiet, reflective Native American tracker Billy in \"Predator\", was notoriously violent and difficult to work with. Eventually, the insurance company for the film forced the studio to hire a full-time bodyguard to protect the cast and crew from Sonny.",
					"created_utc" : 1497464117.0,
					"distinguished" : null,
					"media" : null,
					"num_comments" : 60,
					"is_self" : false,
					"visited" : false,
					"subreddit_type" : "public",
					"is_video" : false,
					"ups" : 926
				}
			}, {
				"kind" : "t3",
				"data" : {
					"contest_mode" : false,
					"subreddit_name_prefixed" : "r/todayilearned",
					"banned_by" : null,
					"media_embed" : {},
					"thumbnail_width" : 140,
					"subreddit" : "todayilearned",
					"selftext_html" : null,
					"selftext" : "",
					"likes" : null,
					"suggested_sort" : null,
					"user_reports" : [],
					"secure_media" : null,
					"link_flair_text" : null,
					"id" : "6hdftl",
					"view_count" : null,
					"secure_media_embed" : {},
					"clicked" : false,
					"report_reasons" : null,
					"author" : "JohnTheMod",
					"saved" : false,
					"mod_reports" : [],
					"name" : "t3_6hdftl",
					"score" : 88,
					"approved_by" : null,
					"over_18" : false,
					"domain" : "jalopnik.com",
					"hidden" : false,
					"preview" : {
						"images" : [{
								"source" : {
									"url" : "https://i.redditmedia.com/oP8cHkv-_5B9tjOqNqJj-YGzll06JVu2NkzKjda4ihk.jpg?s=02bbecfc1f5fb0a70aa23270ea55f416",
									"width" : 1600,
									"height" : 900
								},
								"resolutions" : [{
										"url" : "https://i.redditmedia.com/oP8cHkv-_5B9tjOqNqJj-YGzll06JVu2NkzKjda4ihk.jpg?fit=crop&amp;crop=faces%2Centropy&amp;arh=2&amp;w=108&amp;s=546b7981c3bf4265becc648c46e1b1fb",
										"width" : 108,
										"height" : 60
									}, {
										"url" : "https://i.redditmedia.com/oP8cHkv-_5B9tjOqNqJj-YGzll06JVu2NkzKjda4ihk.jpg?fit=crop&amp;crop=faces%2Centropy&amp;arh=2&amp;w=216&amp;s=72a4fe0e8deb67b5e2cb1ae039c07ab7",
										"width" : 216,
										"height" : 121
									}, {
										"url" : "https://i.redditmedia.com/oP8cHkv-_5B9tjOqNqJj-YGzll06JVu2NkzKjda4ihk.jpg?fit=crop&amp;crop=faces%2Centropy&amp;arh=2&amp;w=320&amp;s=b26918ec68fb1ef388c2536da4d6f307",
										"width" : 320,
										"height" : 180
									}, {
										"url" : "https://i.redditmedia.com/oP8cHkv-_5B9tjOqNqJj-YGzll06JVu2NkzKjda4ihk.jpg?fit=crop&amp;crop=faces%2Centropy&amp;arh=2&amp;w=640&amp;s=07e10f2588185d3b0cd9de9458106d0b",
										"width" : 640,
										"height" : 360
									}, {
										"url" : "https://i.redditmedia.com/oP8cHkv-_5B9tjOqNqJj-YGzll06JVu2NkzKjda4ihk.jpg?fit=crop&amp;crop=faces%2Centropy&amp;arh=2&amp;w=960&amp;s=febe143495f65669294cc8948a449013",
										"width" : 960,
										"height" : 540
									}, {
										"url" : "https://i.redditmedia.com/oP8cHkv-_5B9tjOqNqJj-YGzll06JVu2NkzKjda4ihk.jpg?fit=crop&amp;crop=faces%2Centropy&amp;arh=2&amp;w=1080&amp;s=320c06521bce3184e7e2d56266c3cd51",
										"width" : 1080,
										"height" : 607
									}
								],
								"variants" : {},
								"id" : "fpxG9pAln8g2-tuhtmT5x3VgOwXO9gHJNxSt2Z-tiKE"
							}
						],
						"enabled" : false
					},
					"thumbnail" : "https://b.thumbs.redditmedia.com/z0f9pa_R9ZuHJK-xY-j9R-aD2ff2b9g7WSB1mx6oK-A.jpg",
					"subreddit_id" : "t5_2qqjc",
					"edited" : false,
					"link_flair_css_class" : null,
					"author_flair_css_class" : null,
					"gilded" : 0,
					"downs" : 0,
					"brand_safe" : true,
					"archived" : false,
					"removal_reason" : null,
					"post_hint" : "link",
					"can_gild" : false,
					"thumbnail_height" : 78,
					"hide_score" : false,
					"spoiler" : false,
					"permalink" : "/r/todayilearned/comments/6hdftl/til_that_a_pilot_named_william_overstreet_flew/",
					"num_reports" : null,
					"locked" : false,
					"stickied" : false,
					"created" : 1497538860.0,
					"url" : "http://jalopnik.com/this-man-chased-a-nazi-fighter-plane-under-the-eiffel-t-1494007692",
					"author_flair_text" : null,
					"quarantine" : false,
					"title" : "TIL that a pilot named William Overstreet flew his P-51 between the legs of the Eiffel Tower in pursuit of a German fighter, shooting down the plane and raising morale of French resistance fighters.",
					"created_utc" : 1497510060.0,
					"distinguished" : null,
					"media" : null,
					"num_comments" : 5,
					"is_self" : false,
					"visited" : false,
					"subreddit_type" : "public",
					"is_video" : false,
					"ups" : 88
				}
			}
		],
		"after" : "t3_6hdftl",
		"before" : null
	}
}
